{
  "backward_max_ms": 380.09480699838605,
  "backward_mean_ms": 19.080998633534183,
  "backward_median_ms": 14.677400991786271,
  "backward_min_ms": 12.51077999768313,
  "backward_total_seconds": 23.851248291917727,
  "best_training_loss": 1.5370970629646763e-07,
  "epochs_per_segment": 250,
  "final_error": 0.000471615012285326,
  "final_loss": 2.504591130894798e-06,
  "final_rmse": 0.0015825900072017382,
  "final_training_loss": 1.5371185213552963e-07,
  "final_training_rmse": 0.00039206103113613525,
  "free_dofs": 194,
  "grad_norm_final": 3.587755525943233e-06,
  "grad_norm_max": 0.0009364543691275067,
  "grad_norm_mean": 0.00022541357116789742,
  "grad_norm_median": 0.00011279977838376393,
  "max_path_error": 0.004224263320626808,
  "mean_path_error": 0.0011935576147384078,
  "mode": "sto",
  "n_adjoint_queries": 25000,
  "n_nodes": 101,
  "n_segments": 5,
  "n_steps": 100,
  "query_report_cache_rate": 0.99,
  "query_report_cache_rows": 24750,
  "query_report_exact_rows": 250,
  "query_report_rows": 25000,
  "query_report_warning_rows": 7887,
  "rhc": true,
  "run_dir": "runs/ablation_midpoint_adjoint_rhc_sto/sto",
  "segment_horizon": 20,
  "space_active_cache_anchors": 21,
  "space_active_cache_bytes_est": 6388032,
  "space_active_cache_mib_est": 6.09210205078125,
  "sto_cache_hit_rate": 0.99,
  "sto_cache_hits": 24750,
  "sto_exact_queries": 250,
  "sto_kappa_recomputes": 7887,
  "target_amp": 0.06,
  "target_freq": 0.25,
  "target_phase": 0.0,
  "target_shape": "sinusoid",
  "target_x_span": 0.1
}