{
  "backward_max_ms": 2003.5371049889363,
  "backward_mean_ms": 68.1171245783451,
  "backward_median_ms": 35.394065496802796,
  "backward_min_ms": 21.19299999321811,
  "backward_total_seconds": 85.14640572293138,
  "best_training_loss": 1.5603590952650848e-07,
  "epochs_per_segment": 250,
  "final_error": 0.0004660516778137827,
  "final_loss": 2.5829250339264282e-06,
  "final_rmse": 0.0016071481057844134,
  "final_training_loss": 1.5604038594574376e-07,
  "final_training_rmse": 0.00039501947540057284,
  "free_dofs": 194,
  "grad_norm_final": 3.620077989480057e-06,
  "grad_norm_max": 0.0009364543691275067,
  "grad_norm_mean": 0.00023690292409805956,
  "grad_norm_median": 0.00012105521580535559,
  "max_path_error": 0.004148909093116058,
  "mean_path_error": 0.0012136109195991166,
  "mode": "exact",
  "n_adjoint_queries": 25000,
  "n_nodes": 101,
  "n_segments": 5,
  "n_steps": 100,
  "query_report_cache_rate": 0.0,
  "query_report_cache_rows": 0,
  "query_report_exact_rows": 25000,
  "query_report_rows": 25000,
  "query_report_warning_rows": 0,
  "rhc": true,
  "run_dir": "runs/ablation_midpoint_adjoint_rhc/exact",
  "segment_horizon": 20,
  "space_active_cache_anchors": 0,
  "space_active_cache_bytes_est": 0,
  "space_active_cache_mib_est": 0.0,
  "sto_cache_hit_rate": 0.0,
  "sto_cache_hits": 0,
  "sto_exact_queries": 25000,
  "sto_kappa_recomputes": 0,
  "target_amp": 0.06,
  "target_freq": 0.25,
  "target_phase": 0.0,
  "target_shape": "sinusoid",
  "target_x_span": 0.1
}