{
  "backward_max_ms": 959.4341420015553,
  "backward_mean_ms": 109.55791866854997,
  "backward_median_ms": 78.16614149487577,
  "backward_min_ms": 51.37931898934767,
  "backward_total_seconds": 27.389479667137493,
  "best_training_loss": 0.0005076159141026437,
  "epochs_per_segment": 250,
  "final_error": 0.038764471824580427,
  "final_loss": 0.0005076174547146811,
  "final_rmse": 0.02253036738969609,
  "final_training_loss": 0.0005076159141026437,
  "final_training_rmse": 0.0225303331999916,
  "free_dofs": 194,
  "grad_norm_final": 0.0016631185090038496,
  "grad_norm_max": 0.008558575654622333,
  "grad_norm_mean": 0.0036570370876035287,
  "grad_norm_median": 0.0018983282326400118,
  "max_path_error": 0.038764471824580427,
  "mean_path_error": 0.021195410941961576,
  "mode": "sto",
  "n_adjoint_queries": 25000,
  "n_nodes": 101,
  "n_segments": 1,
  "n_steps": 100,
  "query_report_cache_rate": 0.96416,
  "query_report_cache_rows": 24104,
  "query_report_exact_rows": 896,
  "query_report_rows": 25000,
  "query_report_warning_rows": 7144,
  "rhc": false,
  "run_dir": "runs/ablation_midpoint_adjoint_sto/sto",
  "segment_horizon": 100,
  "space_active_cache_anchors": 101,
  "space_active_cache_bytes_est": 30723392,
  "space_active_cache_mib_est": 29.30010986328125,
  "sto_cache_hit_rate": 0.96416,
  "sto_cache_hits": 24104,
  "sto_exact_queries": 896,
  "sto_kappa_recomputes": 7144,
  "target_amp": 0.06,
  "target_freq": 0.25,
  "target_phase": 0.0,
  "target_shape": "sinusoid",
  "target_x_span": 0.1
}