{
  "backward_max_ms": 4625.386849991628,
  "backward_mean_ms": 327.3235328117735,
  "backward_median_ms": 188.5280615024385,
  "backward_min_ms": 53.00044399336912,
  "backward_total_seconds": 81.83088320294337,
  "best_training_loss": 0.00042320170905441046,
  "epochs_per_segment": 250,
  "final_error": 0.03495667529166854,
  "final_loss": 0.0004232004856622828,
  "final_rmse": 0.020571837197058573,
  "final_training_loss": 0.00042320170905441046,
  "final_training_rmse": 0.02057186693167177,
  "free_dofs": 194,
  "grad_norm_final": 0.0015434636809605984,
  "grad_norm_max": 0.008558575654622333,
  "grad_norm_mean": 0.003721953178876426,
  "grad_norm_median": 0.001871261604047843,
  "max_path_error": 0.03495667529166854,
  "mean_path_error": 0.0192585932587251,
  "mode": "exact",
  "n_adjoint_queries": 25000,
  "n_nodes": 101,
  "n_segments": 1,
  "n_steps": 100,
  "query_report_cache_rate": 0.0,
  "query_report_cache_rows": 0,
  "query_report_exact_rows": 25000,
  "query_report_rows": 25000,
  "query_report_warning_rows": 0,
  "rhc": false,
  "run_dir": "runs/ablation_midpoint_adjoint_only/exact",
  "segment_horizon": 100,
  "space_active_cache_anchors": 0,
  "space_active_cache_bytes_est": 0,
  "space_active_cache_mib_est": 0.0,
  "sto_cache_hit_rate": 0.0,
  "sto_cache_hits": 0,
  "sto_exact_queries": 25000,
  "sto_kappa_recomputes": 0,
  "target_amp": 0.06,
  "target_freq": 0.25,
  "target_phase": 0.0,
  "target_shape": "sinusoid",
  "target_x_span": 0.1
}